{"INTU_PYPL": {"beta_win": 46, "z_win": 194, "z_entry": 3.0, "z_exit": 2.5, "trade_freq": "2m", "stop_loss": 0.01, "z_stop_scaler": 1.9000000000000001}, "pairs_to_trade": 1, "buffer_capital": 0.35000000000000003}