{"MDLZ_ZM": {"beta_win": 456, "z_win": 72, "z_entry": 0.8, "z_exit": 1.4, "z_stop_scaler": 1.8000000000000003, "trade_freq": "3m", "stop_loss": 0.05}, "pairs_to_trade": 1, "buffer_capital": 0.35000000000000003}